P, I, D, input, setpoint, err, dErr, int, t
-10.9868, -3.92385e-07, -1.00451, 156954, 0, -156954, -627816, -39238.5, 0.42933
3.01322, -3.59168e-07, 4.14687, 156954, 200000, 43046, 2.5918e+06, -35916.8, 0.506497
3.01322, -3.1798e-07, 0, 156954, 200000, 43046, 0, -31798, 0.602179
3.01322, -2.76637e-07, 0, 156954, 200000, 43046, 0, -27663.7, 0.698223
3.01322, -2.35217e-07, 0, 156954, 200000, 43046, 0, -23521.7, 0.794447
3.01322, -1.93947e-07, 0, 156954, 200000, 43046, 0, -19394.7, 0.890322
3.0205, -1.52463e-07, 0.00173085, 156850, 200000, 43150, 1081.78, -15246.3, 0.98646
3.12578, -1.09652e-07, 0.0250997, 155346, 200000, 44654, 15687.3, -10965.2, 1.08233
